{
  "timestamp": "2026-04-20T15:16:48.132Z",
  "n": 10,
  "scenarios": {
    "dom_cold": {
      "median": 10,
      "p95": 47,
      "samples": [
        47.397699999999986,
        10.486100000000079,
        11.04970000000003,
        8.748000000000047,
        9.88189999999986,
        10.123599999999897,
        11.166299999999865,
        9.366899999999987,
        8.48259999999982,
        9.135800000000017
      ]
    },
    "dom_warm": {
      "median": 18,
      "p95": 19,
      "samples": [
        18.41289999999981,
        17.694600000000264,
        16.618600000000242,
        17.1545000000001,
        18.621900000000096,
        17.94210000000021,
        17.6578999999997,
        19.28899999999976,
        17.068899999999758,
        17.020500000000084
      ]
    },
    "dom_warm_second": {
      "median": 8,
      "p95": 9,
      "samples": [
        8.412899999999809,
        7.694600000000264,
        6.618600000000242,
        7.154500000000098,
        8.621900000000096,
        7.9421000000002095,
        7.6578999999996995,
        9.28899999999976,
        7.068899999999758,
        7.020500000000084
      ]
    },
    "click_filter_cold": {
      "median": 12,
      "p95": 15,
      "samples": [
        15.3104000000003,
        12.883800000000065,
        12.459600000000137,
        12.258100000000013,
        9.798200000000179,
        12.499599999999646,
        11.770800000000236,
        13.326399999999921,
        11.047700000000077,
        11.909900000000107
      ]
    },
    "click_filter_warm": {
      "median": 23,
      "p95": 32,
      "samples": [
        24.527700000000095,
        22.081500000000233,
        23.96230000000014,
        23.78720000000021,
        32.19549999999981,
        20.61940000000004,
        24.706700000000183,
        21.809000000000196,
        23.019900000000234,
        21.003799999999956
      ]
    },
    "click_filter_warm_second": {
      "median": 11,
      "p95": 20,
      "samples": [
        12.527700000000095,
        10.081500000000233,
        11.962300000000141,
        11.787200000000212,
        20.19549999999981,
        8.619400000000041,
        12.706700000000183,
        9.809000000000196,
        11.019900000000234,
        9.003799999999956
      ]
    },
    "fill_filter_cold": {
      "median": 9,
      "p95": 11,
      "samples": [
        11.132900000000063,
        11.083999999999833,
        9.989399999999932,
        9.458299999999781,
        9.120800000000145,
        9.41229999999996,
        9.958300000000236,
        8.957899999999881,
        8.023400000000038,
        9.347099999999955
      ]
    },
    "wait_match": {
      "median": 8,
      "p95": 9,
      "samples": [
        8.035400000000209,
        7.87310000000025,
        7.49559999999974,
        7.863800000000083,
        8.683800000000247,
        7.76949999999988,
        7.404100000000199,
        8.066899999999805,
        7.199899999999616,
        7.533200000000306
      ]
    },
    "cycle_dom_click_dom": {
      "median": 27,
      "p95": 29,
      "samples": [
        27.48490000000038,
        27.35900000000038,
        26.922999999999774,
        26.347899999999754,
        27.367099999999937,
        27.10570000000007,
        28.036999999999807,
        29.304399999999987,
        26.027399999999943,
        26.78690000000006
      ]
    }
  }
}